MAX_ACCX;MAX_ACCY;MAX_ACCZ;MAX_GYROX;MAX_GYROY;MAX_GYROZ;ACC_AVG;ACC_VAR;GYRO_AVG;GYRO_VAR;WILDNESS;STARTTIME;ENDTIME
1,11518979072571;2,95588779449463;1,61265087127686;0,348711103200912;0,360755771398544;0,348711103200912;0,227869898080826;0,207591310143471;0,07513277977705;0,00818894803524017;1;NULL;NULL
0,555951178073883;1,05610001087189;0,765507698059082;0,078589141368866;0,261184751987457;0,078589141368866;0,103559046983719;0,034855030477047;0,0647016614675522;0,00589197408407927;1;NULL;NULL
0,487227588891983;0,373220503330231;0,453610420227051;0,0364394336938858;0,174747303128242;0,0364394336938858;0,0661441385746002;0,0154295889660716;0,0640278458595276;0,00541322212666273;1;NULL;NULL
0,134258151054382;0,10816490650177;0,197529792785645;0,0349122732877731;0,153672456741333;0,0349122732877731;0,051924753934145;0,00285801524296403;0,0639484375715256;0,00541902147233486;1;NULL;NULL
0,172057628631592;0,222858071327209;0,34837532043457;0,0373557321727276;0,161613702774048;0,0373557321727276;0,0439615584909916;0,00370532716624439;0,0640016123652458;0,00537899555638433;1;NULL;NULL
0,0785688161849976;0,175654828548431;0,109409332275391;0,0346068404614925;0,15214529633522;0,0346068404614925;0,0340420380234718;0,00233922689221799;0,0640272349119186;0,00537152867764235;1;NULL;NULL
0,82447761297226;0,585949897766113;1,64884853363037;0,0657609701156616;0,167416930198669;0,0657609701156616;0,0425923615694046;0,0334801189601421;0,064493365585804;0,00549425696954131;1;NULL;NULL
0,380445182323456;0,795807659626007;0,609518051147461;0,0547653920948505;0,174136444926262;0,0547653920948505;0,0410839170217514;0,0206256583333015;0,0637437999248505;0,00546794105321169;1;NULL;NULL
0,641482591629028;0,219448626041412;0,32142448425293;0,042853519320488;0,1573376506567;0,042853519320488;0,0436681099236012;0,00679886899888515;0,0644194334745407;0,00543712172657251;1;NULL;NULL
0,20602810382843;0,256258308887482;0,338091850280762;0,0388828963041306;0,175052732229233;0,0388828963041306;0,0496494807302952;0,00510980933904648;0,0652043893933296;0,00556909572333097;1;NULL;NULL
0,0410709977149963;0,0327746272087097;0,103940963745117;0,0339959748089314;0,158559381961823;0,0339959748089314;0,0448058657348156;0,00176156032830477;0,0649441555142403;0,00552910007536411;1;NULL;NULL
0,0458217263221741;0,0280365347862244;0,117400169372559;0,0343014076352119;0,15703222155571;0,0343014076352119;0,0467137657105923;0,00186057738028467;0,0655965432524681;0,00558908423408866;1;NULL;NULL
0,425638496875763;0,593509554862976;0,829537391662598;0,0419372245669365;0,200403645634651;0,0419372245669365;0,03476507589221;0,0169358011335135;0,0663986280560493;0,00590689061209559;1;NULL;NULL
0,146016657352448;0,145895421504974;0,229126930236816;0,0721484944224358;0,163672000169754;0,0721484944224358;0,0425743088126183;0,00247612269595265;0,0483184531331062;0,0077196485362947;1;NULL;NULL
3,41576623916626;3,56499242782593;4,2432746887207;0,418681740760803;0,34082293510437;0,418681740760803;0,123966172337532;1,24895823001862;0,0963233336806297;0,0197447780519724;5;NULL;NULL
3,41576623916626;3,56499242782593;4,2432746887207;0,418681740760803;0,34082293510437;0,418681740760803;0,123966172337532;1,24895823001862;0,0963233336806297;0,0197447780519724;5;NULL;NULL
3,60700273513794;4,91075754165649;3,96030616760254;0,44342178106308;0,355789124965668;0,44342178106308;0,121351517736912;1,46360194683075;0,132515251636505;0,0209346171468496;5;NULL;NULL
3,19739818572998;1,96997058391571;2,8327112197876;0,701206922531128;0,297756910324097;0,701206922531128;0,284081161022186;1,05286729335785;0,365428417921066;0,0988337695598602;5;NULL;NULL
3,70578098297119;1,53899085521698;3,69832229614258;0,729917585849762;0,353345662355423;0,729917585849762;0,112150937318802;1,37580060958862;0,311738818883896;0,0931922718882561;5;NULL;NULL
3,91088581085205;2,77980852127075;3,70320987701416;0,740302264690399;0,348458737134933;0,740302264690399;0,135215923190117;1,63762676715851;0,146430134773254;0,0262039378285408;5;NULL;NULL
4,01978492736816;1,93345749378204;5,82174777984619;1,12789630889893;0,41046154499054;1,12789630889893;0,255413711071014;1,91374182701111;0,553795993328094;0,252858847379684;5;NULL;NULL
3,11010026931763;1,84973526000977;4,54109573364258;0,844760239124298;0,274238616228104;0,844760239124298;0,296882480382919;1,74786972999573;0,380193054676056;0,112122267484665;5;NULL;NULL
3,0700843334198;1,51745510101318;3,2034740447998;0,689905881881714;0,360065162181854;0,689905881881714;0,200831636786461;1,28832685947418;0,365336090326309;0,100592702627182;5;NULL;NULL
3,4711582660675;1,60607719421387;3,8605785369873;0,687767863273621;0,304170995950699;0,687767863273621;0,0526043549180031;1,15409588813782;0,348432272672653;0,08754962682724;5;NULL;NULL
4,21711540222168;1,82156598567963;3,41094017028809;0,835291862487793;0,341128349304199;0,835291862487793;0,00254022213630378;1,40532970428467;0,308989316225052;0,0979221165180206;5;NULL;NULL
0,197336345911026;0,064792275428772;0,144801139831543;0,0662257671356201;0,0600108727812767;0,0662257671356201;0,129948243498802;0,00930765643715858;0,0516509711742401;0,00171600235626101;1;NULL;NULL
2,76360177993774;4,76322412490845;4,31857776641846;0,529261648654938;0,341008871793747;0,529261648654938;-0,0256350059062243;2,16241073608398;-0,00549120316281915;0,0221119653433561;1;NULL;NULL
2,943772315979;2,60094118118286;3,99586486816406;0,966946542263031;0,250600814819336;0,966946542263031;0,141330972313881;1,59193873405457;0,108829207718372;0,14628978073597;1;NULL;NULL
3,30740022659302;1,73125004768372;3,87267112731934;1,00482022762299;0,267705053091049;1,00482022762299;0,109125629067421;1,8271791934967;0,0199672058224678;0,0824643820524216;1;NULL;NULL
3,15484762191772;2,57244515419006;2,89707183837891;0,65155416727066;0,413515865802765;0,65155416727066;-0,044829435646534;1,52150130271912;-0,169587537646294;0,297361016273499;5;NULL;NULL
3,88448023796082;2,49428129196167;4,37358283996582;0,683000445365906;0,326042681932449;0,683000445365906;-0,118998542428017;2,62172389030457;-0,0938328504562378;0,138261184096336;1;NULL;NULL
3,77007818222046;5,54504013061523;3,63580083847046;0,730223000049591;0,404352903366089;0,730223000049591;-0,0963773652911186;2,25628304481506;0,120098188519478;0,0348075553774834;5;NULL;NULL
4,48178100585938;5,29233551025391;5,07109069824219;0,873284995555878;0,285420149564743;0,873284995555878;0,04468984156847;2,65937209129334;-0,0546603240072727;0,11004326492548;1;NULL;NULL
3,05714845657349;2,18107461929321;4,09510040283203;0,734804511070251;0,265686482191086;0,734804511070251;0,319317013025284;0,929341018199921;0,316307038068771;0,0812718942761421;5;NULL;NULL
4,48178100585938;5,29233551025391;5,07109069824219;0,873284995555878;0,285420149564743;0,873284995555878;0,04468984156847;2,65937209129334;-0,0546603240072727;0,11004326492548;1;NULL;NULL
3,25430965423584;1,72105121612549;3,95488166809082;0,75894695520401;0,247851938009262;0,75894695520401;0,180110707879066;1,58905959129333;0,251319587230682;0,0829800814390183;1;NULL;NULL
3,54181504249573;2,05570316314697;4,85280418395996;0,630771517753601;0,290917932987213;0,630771517753601;-0,112025767564774;2,41264653205872;-0,0808463245630264;0,132526621222496;1;NULL;NULL
4,22604894638062;2,45321989059448;4,27872085571289;0,671593189239502;0,258236646652222;0,671593189239502;0,150643095374107;2,09025144577026;0,124577909708023;0,0855107828974724;1;NULL;NULL
3,85743498802185;3,8996467590332;4,91354560852051;0,618142485618591;0,346506685018539;0,618142485618591;0,0365083143115044;2,13113975524902;0,0624474100768566;0,0336972661316395;1;NULL;NULL
3,80705046653748;3,43205690383911;4,22445678710938;0,81097674369812;0,353226184844971;0,81097674369812;-0,098524697124958;2,65577340126038;-0,0204134210944176;0,10057558119297;1;NULL;NULL
3,97201013565063;4,91096305847168;4,02683925628662;1,05888175964355;0,264663994312286;1,05888175964355;0,251369327306747;1,95441710948944;0,136370003223419;0,193645715713501;1;NULL;NULL
3,57091331481934;1,7963799238205;4,54268169403076;0,678113520145416;0,311992794275284;0,678113520145416;-0,109925866127014;1,91804122924805;-0,034798689186573;0,0846802964806557;1;NULL;NULL
3,32511138916016;2,36656427383423;4,511887550354;0,548915565013886;0,302829802036285;0,548915565013886;0,0573958158493042;1,9970178604126;-0,00371480057947338;0,0386319980025291;1;NULL;NULL
3,22108125686646;2,55904817581177;4,02514266967773;0,715880930423737;0,234718337655067;0,715880930423737;0,0286836661398411;1,87896764278412;0,0838838964700699;0,036261860281229;1;NULL;NULL
3,11900520324707;2,97088146209717;4,40854549407959;1,01245605945587;0,263442277908325;1,01245605945587;0,303640633821487;1,560382604599;0,251840054988861;0,116822622716427;1;NULL;NULL
3,23502135276794;3,52224206924438;4,48787498474121;0,989960312843323;0,355669647455215;0,989960312843323;-0,0294397380203009;2,582848072052;-0,256006330251694;0,488930493593216;1;NULL;NULL
4,13312292098999;2,56081414222717;4,45598220825195;1,15906369686127;0,247559785842896;1,15906369686127;0,146864533424377;2,03348851203918;0,187960058450699;0,10402225703001;1;NULL;NULL
3,7304949760437;6,35207080841064;4,21685218811035;0,148081704974175;0,247546508908272;0,148081704974175;0,00555900670588017;1,8972305059433;0,0502899587154388;0,00763288419693708;1;NULL;NULL
2,8131537437439;1,57444882392883;5,73587799072266;0,570189595222473;0,291223347187042;0,570189595222473;0,0407493859529495;2,32595181465149;0,113150425255299;0,0289125870913267;1;NULL;NULL
3,38357734680176;3,28764081001282;4,99538516998291;0,676280975341797;0,293055951595306;0,676280975341797;0,0730469673871994;2,33645939826965;-0,0441058166325092;0,0761410966515541;1;NULL;NULL
4,67195558547974;8,3124418258667;3,59504127502441;0,117458768188953;0,425573855638504;0,117458768188953;-0,0623961091041565;0,825420796871185;0,0933752954006195;0,0134438686072826;1;NULL;NULL
13,398551940918;7,76424026489258;10,5206298828125;2,44756436347961;1,23161053657532;2,44756436347961;0,198348000645638;20,2913856506348;0,399234235286713;0,590549945831299;1;NULL;NULL
16,3576335906982;12,0051870346069;11,4180688858032;2,76769757270813;1,5025292634964;2,76769757270813;0,185412362217903;17,0827617645264;-0,599838614463806;3,09040403366089;1;NULL;NULL
10,2126007080078;10,4743280410767;9,54120063781738;1,62507426738739;1,20900857448578;1,62507426738739;0,414224177598953;10,4737167358398;0,022437946870923;0,379462987184525;1;NULL;NULL
10,2126007080078;10,4743280410767;9,54120063781738;1,62507426738739;1,20900857448578;1,62507426738739;0,414224177598953;10,4737167358398;0,022437946870923;0,379462987184525;1;NULL;NULL
8,74260902404785;13,878924369812;9,34378910064697;2,39777874946594;0,778959393501282;2,39777874946594;-0,0966699346899986;12,6844787597656;-0,168716460466385;1,40488505363464;1;NULL;NULL
8,51094818115234;16,4796142578125;9,58021545410156;1,80004715919495;0,874865233898163;1,80004715919495;0,600709617137909;7,99324321746826;0,643739283084869;0,481564223766327;1;NULL;NULL
14,851881980896;19,9414806365967;11,2452459335327;3,30617547035217;1,24932563304901;3,30617547035217;0,190389156341553;8,73331546783447;0,368501514196396;0,620132684707642;1;NULL;NULL
1,0268269777298;1,76401877403259;0,957818984985352;0,472676932811737;0,26033478975296;0,472676932811737;0,0716264620423317;0,110715180635452;0,0803399756550789;0,0190555937588215;1;NULL;NULL
1,81964302062988;1,31990468502045;2,06880474090576;0,457710683345795;0,310120314359665;0,457710683345795;0,192839965224266;0,137810438871384;0,0817920416593552;0,021046694368124;1;NULL;NULL
0,735053062438965;0,651527762413025;1,62655544281006;0,204507067799568;0,23834365606308;0,204507067799568;0,146543323993683;0,0360872335731983;0,0922763496637344;0,012052240781486;1;NULL;NULL
1,71791136264801;2,70672249794006;1,72623348236084;0,134443491697311;0,248183876276016;0,134443491697311;0,0142069114372134;0,206567391753197;0,000340402126312256;0,0220290869474411;1;NULL;NULL
0,246621489524841;0,249480962753296;0,511452674865723;0,0661460757255554;0,209885284304619;0,0661460757255554;0,090472511947155;0,00580863282084465;0,0590476430952549;0,00795911625027657;1;NULL;NULL
0,118598520755768;0,0930948853492737;0,238158226013184;0,0143686160445213;0,0292152874171734;0,0143686160445213;0,0484711527824402;0,00327035738155246;0,00640004174783826;7,93406798038632E-05;1;NULL;NULL
4,54244947433472;6,56775379180908;4,42373657226563;0,603216111660004;0,32334691286087;0,603216111660004;0,103691451251507;2,32793712615967;-0,166921973228455;0,183262974023819;1;NULL;NULL
3,19463467597961;5,57267570495605;3,64134836196899;0,616044282913208;0,22093403339386;0,616044282913208;0,13616581261158;1,08421015739441;-0,129479631781578;0,139972239732742;1;NULL;NULL
3,29388928413391;6,33338642120361;4,272536277771;0,490206092596054;0,347170650959015;0,490206092596054;0,083475299179554;1,77304649353027;-0,04524065554142;0,0351359732449055;1;NULL;NULL
3,70861148834229;3,46478176116943;3,18579626083374;0,498173862695694;0,312351316213608;0,498173862695694;0,178400948643684;1,24699294567108;0,066982589662075;0,0242299698293209;1;NULL;NULL
1,59660959243774;3,56438064575195;2,02810192108154;0,424564599990845;0,178478896617889;0,424564599990845;0,068236842751503;0,530662477016449;0,03807033598423;0,00862294062972069;1;NULL;NULL
2,11885213851929;2,81750917434692;2,55404949188232;0,520470499992371;0,225210085511208;0,520470499992371;0,127081543207169;0,329906612634659;0,0349146164953709;0,0108282025903463;1;NULL;NULL
3,51579594612122;4,84796047210693;3,29796314239502;0,637451171875;0,290971040725708;0,637451171875;-0,131890058517456;1,87997424602509;0,062311302870512;0,0277839004993439;1;NULL;NULL
2,71039247512817;6,49357175827026;2,98696899414063;0,765732884407043;0,250560998916626;0,765732884407043;0,244114384055138;1,09898245334625;0,0301412902772427;0,0470129884779453;1;NULL;NULL
3,8199188709259;8,02900695800781;2,6852560043335;0,546711087226868;0,322125166654587;0,546711087226868;-0,178916066884995;3,06546425819397;-0,0360104963183403;0,0347199961543083;1;NULL;NULL
2,77497434616089;9,13089466094971;3,51803207397461;0,804496228694916;0,272857576608658;0,804496228694916;0,0381990559399128;2,41609287261963;-0,168842613697052;0,196675658226013;1;NULL;NULL
1,40984773635864;3,75822257995605;2,19038867950439;0,323771834373474;0,141614481806755;0,323771834373474;0,03897949680686;0,538053870201111;0,0181475952267647;0,00646261591464281;1;NULL;NULL
3,12983107566834;2,36738801002502;2,88237810134888;0,822543323040009;0,212474852800369;0,822543323040009;0,336429476737976;0,876834571361542;0,284297406673431;0,0994595885276794;1;NULL;NULL
3,31016445159912;3,3679141998291;5,24307918548584;0,748296618461609;0,251171857118607;0,748296618461609;0,0219598561525345;2,28578543663025;0,0153143741190434;0,0752862766385078;1;NULL;NULL
3,38771653175354;4,45037937164307;5,33382034301758;0,680490612983704;0,26338917016983;0,680490612983704;0,0174399334937334;2,01166749000549;0,0454746261239052;0,0554600991308689;1;NULL;NULL
3,83308744430542;2,4483163356781;4,4067440032959;0,8237384557724;0,249339267611504;0,8237384557724;-0,168584421277046;2,28600859642029;-0,0624224692583084;0,116397477686405;1;NULL;NULL
3,76480579376221;2,50397109985352;4,16661930084229;0,826208531856537;0,302577495574951;0,826208531856537;0,178049311041832;1,90592837333679;0,112239770591259;0,0629373341798782;1;NULL;NULL
3,8585090637207;2,55012965202332;3,85774326324463;0,839315533638;0,292192757129669;0,839315533638;-0,100419007241726;2,44855666160584;-0,115793772041798;0,128311723470688;1;NULL;NULL
6,79095411300659;4,10472393035889;5,86208724975586;0,884519577026367;0,465067625045776;0,884519577026367;-0,0323872044682503;3,15257239341736;-0,258620202541351;0,451915442943573;1;NULL;NULL
5,29119729995728;2,86943006515503;7,98544979095459;1,09498929977417;0,381684541702271;1,09498929977417;-0,0105040427297354;3,42171216011047;-0,0526816323399544;0,337143838405609;1;NULL;NULL
3,25007915496826;2,06557440757751;4,08786964416504;0,496925622224808;0,240176290273666;0,496925622224808;0,0809645876288414;2,08634877204895;-0,0554781891405582;0,0490253530442715;1;NULL;NULL
3,285400390625;2,5947699546814;4,85605239868164;0,508864045143127;0,244850724935532;0,508864045143127;0,152259930968285;1,57667934894562;0,108827494084835;0,0295548643916845;1;NULL;NULL
3,732985496521;2,64631676673889;4,52877235412598;0,666161835193634;0,333120733499527;0,666161835193634;0,070115402340889;2,10079216957092;-0,00418380415067077;0,0691921785473824;1;NULL;NULL
0,0990424752235413;0,097199559211731;0,524857521057129;0,0588953755795956;0,183073669672012;0,0588953755795956;0,0486016683280468;0,00320102041587234;0,0857022628188133;0,00842127855867147;1;NULL;NULL
0,0712941288948059;0,159146308898926;0,253359794616699;0,0546193160116673;0,186433434486389;0,0546193160116673;0,0458997040987015;0,00293425191193819;0,086760900914669;0,00845561921596527;1;NULL;NULL
0,141353785991669;0,237369358539581;0,434590339660645;0,0616442672908306;0,183379113674164;0,0616442672908306;0,0498749427497387;0,00511703547090292;0,0860449746251106;0,0084144277498126;1;NULL;NULL
0,126388847827911;0,185484886169434;0,309932708740234;0,0582845099270344;0,184295415878296;0,0582845099270344;0,0491713993251324;0,00337409460917115;0,0864353254437447;0,00846568774431944;1;NULL;NULL
0,142413258552551;0,148944497108459;0,51987361907959;0,0750833004713058;0,183684542775154;0,0750833004713058;0,0543082654476166;0,00584885710850358;0,0857358872890472;0,00846632290631533;1;NULL;NULL
0,108139097690582;0,127770602703094;0,258567810058594;0,0576736442744732;0,184600844979286;0,0576736442744732;0,0529522001743317;0,00352568179368973;0,0863901600241661;0,00852480065077543;1;NULL;NULL
0,0348469614982605;0,0373328328132629;0,118391990661621;0,0524812899529934;0,179713919758797;0,0524812899529934;0,0515856817364693;0,00233599310740829;0,0871255919337273;0,00858005974441767;1;NULL;NULL
0,6083904504776;1,36254370212555;0,932051658630371;0,0838611647486687;0,216299369931221;0,0838611647486687;0,0961184427142143;0,184512928128242;0,0981426686048508;0,0104103069752455;1;NULL;NULL
2,68114638328552;3,84329462051392;3,16776657104492;0,209354162216187;0,356187522411346;0,209354162216187;0,0909850895404816;1,2264050245285;0,107622653245926;0,0137078510597348;1;NULL;NULL
1,6414737701416;4,34263038635254;2,47165870666504;0,436596035957336;0,295406430959702;0,436596035957336;0,0653416812419891;0,538386404514313;0,216086089611053;0,0281600095331669;1;NULL;NULL
2,58163738250732;3,82042360305786;2,26123094558716;0,533112764358521;0,308540016412735;0,533112764358521;0,0752672255039215;0,657733559608459;0,127930238842964;0,0207919422537088;1;NULL;NULL
2,05908751487732;2,04951095581055;3,4085693359375;0,402082145214081;0,342137604951859;0,402082145214081;0,0224489904940128;0,711739540100098;0,197204798460007;0,0259493738412857;1;NULL;NULL
2,52535343170166;1,635666847229;2,65154075622559;0,244478911161423;0,345802813768387;0,244478911161423;0,0256342273205519;0,594034254550934;0,169479519128799;0,0178578533232212;1;NULL;NULL
0,177139341831207;0,111702680587769;0,194634437561035;0,0101058408617973;0,17858512699604;0,0101058408617973;0,0538892038166523;0,00283968565054238;0,105857588350773;0,00782733783125877;1;NULL;NULL
0,0550519227981567;0,0578377246856689;0,11381721496582;0,0104112736880779;0,177668824791908;0,0104112736880779;0,0503857582807541;0,00227935099974275;0,106214411556721;0,00786989461630583;1;NULL;NULL
0,104607760906219;0,197497367858887;0,20311450958252;0,0146873295307159;0,180112287402153;0,0146873295307159;0,0529194474220276;0,00330476532690227;0,10622476041317;0,00790168810635805;1;NULL;NULL
0,0385531187057495;0,0388476252555847;0,118858337402344;0,00949497520923615;0,180723145604134;0,00949497520923615;0,0453532971441746;0,00224263337440789;0,106361031532288;0,00789446197450161;1;NULL;NULL
0,0239144563674927;0,0392728447914124;0,118555068969727;0,00980040803551674;0,179501414299011;0,00980040803551674;0,0428667515516281;0,00224699405953288;0,106314577162266;0,00787716638296843;1;NULL;NULL
0,0298212170600891;0,0303436517715454;0,114184379577637;0,00949497520923615;0,179195985198021;0,00949497520923615;0,0436365082859993;0,00223641144111753;0,106246136128902;0,00788627378642559;1;NULL;NULL
0,119304597377777;0,0581986904144287;0,153121948242188;0,00949497520923615;0,180112287402153;0,00949497520923615;0,0510508194565773;0,00245006964541972;0,1068509593606;0,0079759806394577;1;NULL;NULL
0,0946229100227356;0,120832502841949;0,16084098815918;0,0119384359568357;0,180723145604134;0,0119384359568357;0,0509420894086361;0,00260657118633389;0,107125863432884;0,0080416239798069;1;NULL;NULL
0,0679301619529724;0,0431209206581116;0,129508018493652;0,0107167055830359;0,180723145604134;0,0107167055830359;0,0524096600711346;0,0025052207056433;0,106651157140732;0,00798371434211731;1;NULL;NULL
0,180005967617035;0,222864866256714;0,480522155761719;0,00918954238295555;0,183166608214378;0,00918954238295555;0,0539656095206738;0,00434496207162738;0,10712094604969;0,00806974899023771;1;NULL;NULL
0,0821085572242737;0,103112399578094;0,229549407958984;0,0101058408617973;0,178890556097031;0,0101058408617973;0,0499921217560768;0,00292166997678578;0,107197895646095;0,00804601237177849;1;NULL;NULL
0,237110793590546;0,170617878437042;0,440463066101074;0,0143818976357579;0,179195985198021;0,0143818976357579;0,0487838834524155;0,0048823026008904;0,107794739305973;0,00814567692577839;1;NULL;NULL
0,0688951015472412;0,315033316612244;0,146289825439453;0,00918954238295555;0,179501414299011;0,00918954238295555;0,0453973934054375;0,0044887769035995;0,107243120670319;0,00805953145027161;1;NULL;NULL
0,103081166744232;0,0937859416007996;0,169323921203613;0,0113275712355971;0,184388339519501;0,0113275712355971;0,0517062321305275;0,00266512343659997;0,107833258807659;0,00817376561462879;1;NULL;NULL
6,59493637084961;18,0000705718994;6,99464511871338;1,48498690128326;0,680410921573639;1,48498690128326;0,148984640836716;4,76614141464233;0,338122636079788;0,203275591135025;5;NULL;NULL
4,85267543792725;9,31517124176025;5,87259960174561;1,57844924926758;0,710343301296234;1,57844924926758;0,251658022403717;3,51701641082764;0,183234721422195;0,274646490812302;5;NULL;NULL
10,1363277435303;16,3316841125488;6,67110919952393;1,57600581645966;0,803805708885193;1,57600581645966;0,238851636648178;7,01500701904297;0,381604105234146;0,318064600229263;5;NULL;NULL
5,71642351150513;7,30998563766479;8,9896240234375;1,64900422096252;0,596722364425659;1,64900422096252;0,0229308065026999;4,60304355621338;0,31689453125;0,252969145774841;5;NULL;NULL
14,879771232605;21,151762008667;11,8583202362061;1,43953049182892;1,88992404937744;1,43953049182892;0,277798235416412;12,1116046905518;0,317613422870636;0,18639400601387;5;NULL;NULL
6,97004222869873;18,3840198516846;5,92537879943848;1,68967986106873;0,8172447681427;1,68967986106873;0,190906569361687;6,77850198745728;-0,139327153563499;0,647308707237244;5;NULL;NULL
11,0598182678223;11,6886281967163;7,51819801330566;2,86600708961487;1,07706165313721;2,86600708961487;0,523167848587036;12,5206689834595;0,154012262821198;1,26816999912262;1;NULL;NULL
0,0244532227516174;0,032415509223938;0,132259368896484;0,067009262740612;0,203524395823479;0,067009262740612;0,0430957041680813;0,00200515892356634;0,110430628061295;0,0121447872370481;1;NULL;NULL
0,146190524101257;0,151958644390106;0,124037742614746;0,0694527253508568;0,208105877041817;0,0694527253508568;0,0491459742188454;0,00245641358196735;0,11089663952589;0,0122428126633167;1;NULL;NULL
0,124206066131592;0,153487265110016;0,280145645141602;0,0767831057310104;0,205967843532562;0,0767831057310104;0,0432428047060966;0,00360737857408822;0,110732384026051;0,0122766112908721;1;NULL;NULL
0,940478444099426;2,19623756408691;0,576399803161621;0,185822546482086;0,250866442918777;0,185822546482086;0,0397285483777523;0,0905649736523628;0,111572928726673;0,0126427905634046;1;NULL;NULL
10,0798654556274;15,8784132003784;7,52193355560303;1,87522351741791;0,875476121902466;1,87522351741791;0,393320709466934;14,3103551864624;0,163617461919785;0,450622349977493;1;NULL;NULL
12,6358852386475;10,2815017700195;8,85402870178223;1,51538395881653;0,808891832828522;1,51538395881653;0,642397463321686;13,1816301345825;0,617031991481781;0,368490189313889;1;NULL;NULL
0,527194857597351;0,190777897834778;0,53974437713623;0,0560136847198009;0,176872059702873;0,0560136847198009;-0,0899878293275833;0,0742680802941322;0,0634692832827568;0,00767979118973017;1;NULL;NULL
0,252886831760406;0,0605920553207397;0,0900344848632813;0,0557082518935204;0,173206865787506;0,0557082518935204;-0,0459380820393562;0,0337924100458622;0,0627545788884163;0,00770571595057845;1;NULL;NULL
1,75670123100281;3,83591246604919;1,24877738952637;1,78011453151703;0,357834190130234;1,78011453151703;0,544900894165039;0,359496980905533;0,00277164531871676;0,133364707231522;1;NULL;NULL
0,418735265731812;0,98324328660965;0,352173805236816;0,183312714099884;0,202979847788811;0,183312714099884;0,259345650672913;0,0555009879171848;-0,000894767814315856;0,0221155919134617;1;NULL;NULL
0,418735265731812;0,98324328660965;0,352173805236816;0,183312714099884;0,202979847788811;0,183312714099884;0,259345650672913;0,0555009879171848;-0,000894767814315856;0,0221155919134617;1;NULL;NULL
0,344094157218933;0,834351241588593;0,564590454101563;0,139635860919952;0,201758116483688;0,139635860919952;0,117383778095245;0,0252343863248825;-0,000189218451851048;0,0225567799061537;1;NULL;NULL
0,163934648036957;0,131898462772369;0,346881866455078;0,121615327894688;0,183126732707024;0,121615327894688;0,0723479241132736;0,00408969586715102;-0,00168339454103261;0,0227043647319078;1;NULL;NULL
0,0707992315292358;0,0917699337005615;0,205504417419434;0,120088167488575;0,180377840995789;0,120088167488575;0,0562504306435585;0,00290260394103825;-0,00123719754628837;0,0225871093571186;1;NULL;NULL
0,393744587898254;1,28648853302002;1,86267757415771;0,150325998663902;0,242686092853546;0,150325998663902;0,068256564438343;0,0566046200692654;0,000310203671688214;0,0222711376845837;1;NULL;NULL
0,141069710254669;0,184844851493835;0,280002593994141;0,127418547868729;0,191067978739738;0,127418547868729;0,0464568175375462;0,00305874738842249;-0,000407907471526414;0,0224473737180233;1;NULL;NULL
0,0420469641685486;0,0283547639846802;0,125250816345215;0,119477301836014;0,189846247434616;0,119477301836014;0,0523062348365784;0,00258932262659073;3,00825086014811E-05;0,022458802908659;1;NULL;NULL
0,0256118178367615;0,0339536070823669;0,133320808410645;0,119477301836014;0,183432161808014;0,119477301836014;0,0479052998125553;0,00259536085650325;-2,42846235778416E-05;0,0223348028957844;1;NULL;NULL
0,0397433042526245;0,0297375917434692;0,125213623046875;0,11764470487833;0,182515859603882;0,11764470487833;0,0516854673624039;0,00251779682002962;0,000497394590638578;0,0224034637212753;1;NULL;NULL
2,40208959579468;1,79141330718994;2,77964401245117;0,641541361808777;0,31098347902298;0,641541361808777;0,2095677703619;0,811241209506989;0,338191986083984;0,0760673135519028;1;NULL;NULL
0,865590989589691;0,860908329486847;0,600031852722168;0,118680484592915;0,195224523544312;0,118680484592915;0,19031535089016;0,079921618103981;0,0911281034350395;0,00907396245747805;1;NULL;NULL
0,5447718501091;0,817484617233276;0,813384056091309;0,102187126874924;0,200416877865791;0,102187126874924;0,136118024587631;0,0328428111970425;0,0923755019903183;0,00926391873508692;1;NULL;NULL
1,59080386161804;2,45574045181274;2,56784534454346;0,103103421628475;0,190948471426964;0,103103421628475;0,0947586819529533;0,507517993450165;0,0508012659847736;0,00724911876022816;1;NULL;NULL
3,22870206832886;7,94971036911011;3,50731182098389;0,205277279019356;0,413462817668915;0,205277279019356;0,184056177735329;2,39944410324097;0,101462423801422;0,0169844813644886;5;NULL;NULL
6,90018939971924;17,9122066497803;7,07241153717041;1,5497385263443;0,793115556240082;1,5497385263443;0,225424990057945;6,86814785003662;0,413660973310471;0,269229471683502;5;NULL;NULL
14,5755825042725;21,3550853729248;14,0239458084106;1,11144280433655;1,58479690551758;1,11144280433655;0,0146709000691772;10,6429615020752;0,235272511839867;0,127519160509109;5;NULL;NULL
7,52526330947876;18,0690536499023;6,31745529174805;0,480472087860107;0,802583992481232;0,480472087860107;0,0982804447412491;7,16226577758789;0,128720507025719;0,0557525008916855;5;NULL;NULL
24,1739749908447;21,4273548126221;11,3954105377197;4,88659000396729;5,00399589538574;4,88659000396729;0,0860193148255348;14,5589084625244;0,31931409239769;1,34248435497284;5;NULL;NULL
0,0623021125793457;0,0443083047866821;0,139056205749512;0,0694527253508568;0,206273287534714;0,0694527253508568;0,0510935932397842;0,00214956188574433;0,110412299633026;0,0121675245463848;1;NULL;NULL
3,21095323562622;2,15783476829529;4,53431987762451;0,190842270851135;0,27442455291748;0,190842270851135;-0,0132335126399994;2,12285327911377;0,0633032098412514;0,00856711715459824;1;NULL;NULL
3,44813847541809;2,34460973739624;3,92319488525391;0,867375493049622;0,258542060852051;0,867375493049622;0,0615331456065178;1,99169647693634;0,130291923880577;0,0851468965411186;1;NULL;NULL
3,44900989532471;2,30727696418762;3,93776607513428;0,632298648357391;0,306800425052643;0,632298648357391;-0,108202889561653;2,30286192893982;-0,108370654284954;0,1405228972435;1;NULL;NULL
3,83907890319824;2,41332387924194;5,60253429412842;0,706824243068695;0,292445093393326;0,706824243068695;-0,0160316359251738;3,2230110168457;0,00631195539608598;0,040908046066761;1;NULL;NULL
4,54539489746094;5,35940933227539;4,57940292358398;1,3038387298584;0,306495010852814;1,3038387298584;0,232599496841431;2,38782930374146;0,160531580448151;0,211227059364319;1;NULL;NULL
2,21976757049561;8,63019847869873;2,754225730896;0,433196395635605;0,334488570690155;0,433196395635605;0,291922718286514;0,842280328273773;0,0592600218951702;0,0141934938728809;1;NULL;NULL
3,39079260826111;3,31043863296509;4,26459884643555;0,898330450057983;0,264345288276672;0,898330450057983;-0,121346965432167;2,16056060791016;0,0119783170521259;0,118295803666115;1;NULL;NULL
3,7014331817627;2,79815125465393;4,38938236236572;0,890083789825439;0,311992794275284;0,890083789825439;0,134506359696388;1,98968374729156;-0,0380167365074158;0,188360035419464;1;NULL;NULL
3,0040397644043;2,93834543228149;3,57896327972412;1,04758083820343;0,298553764820099;1,04758083820343;0,240880936384201;1,47738146781921;0,238082274794579;0,133046746253967;1;NULL;NULL
3,3201060295105;3,70735955238342;5,55609226226807;0,48752361536026;0,29977548122406;0,48752361536026;-0,0742140486836433;2,45284366607666;-0,0486909821629524;0,0595299154520035;1;NULL;NULL
4,86441326141357;2,6040210723877;5,29592227935791;0,383981943130493;0,350477308034897;0,383981943130493;-0,0572891682386398;2,53794956207275;-0,0579174980521202;0,0560439303517342;1;NULL;NULL
3,18715167045593;2,06146574020386;4,09535026550293;0,680450737476349;0,370330423116684;0,680450737476349;0,134289145469666;1,75081241130829;0,060787059366703;0,0257309023290873;1;NULL;NULL
3,77355456352234;1,94287705421448;4,07140159606934;0,722905874252319;0,315671265125275;0,722905874252319;0,0782012939453125;1,61836659908295;0,132095813751221;0,0380101464688778;1;NULL;NULL
3,39568209648132;2,08460402488709;4,00651168823242;0,113567814230919;0,26831591129303;0,113567814230919;-0,0595149286091328;2,25166916847229;0,0402919240295887;0,00570616032928228;1;NULL;NULL
3,49931240081787;2,84912657737732;3,72817134857178;0,666400849819183;0,295804858207703;0,666400849819183;0,172116354107857;2,05220174789429;0,146663144230843;0,0475297495722771;1;NULL;NULL
3,32536458969116;2,24510216712952;4,69420719146729;0,443235874176025;0,314130812883377;0,443235874176025;-0,0213068034499884;1,97963571548462;0,027344636619091;0,0244111027568579;1;NULL;NULL
4,04609966278076;2,44064927101135;3,53203582763672;0,657038688659668;0,298859179019928;0,657038688659668;-0,112624831497669;2,96297550201416;-0,043570090085268;0,0696898996829987;1;NULL;NULL
3,91275930404663;2,61419630050659;5,29000663757324;1,01123428344727;0,31016018986702;1,01123428344727;0,142283156514168;2,4802680015564;0,0939020738005638;0,108121119439602;1;NULL;NULL
3,62538075447083;2,37556004524231;4,75716018676758;1,01673209667206;0,339787155389786;1,01673209667206;0,0596703216433525;2,51201033592224;0,0446333475410938;0,18434776365757;1;NULL;NULL
3,39025926589966;3,31117463111877;3,74608707427979;0,782571494579315;0,283282101154327;0,782571494579315;-0,036228246986866;2,14991784095764;-0,160020619630814;0,236020967364311;1;NULL;NULL
4,07684421539307;4,94929170608521;4,94486999511719;0,591676115989685;0,538318395614624;0,591676115989685;0,0714175328612328;1,90216505527496;-0,0329477861523628;0,0500541627407074;1;NULL;NULL
3,64902234077454;3,01321315765381;5,25899982452393;0,672204077243805;0,283906251192093;0,672204077243805;-0,00444344757124782;2,34061479568481;0,0338002666831017;0,0658617243170738;1;NULL;NULL
3,66400384902954;5,58295154571533;4,19810390472412;0,402201652526855;0,350782722234726;0,402201652526855;-0,0288847703486681;2,69051599502563;0,00719647435471416;0,016457038000226;1;NULL;NULL
1,21720004081726;1,00818777084351;1,09251308441162;0,123036235570908;0,087499812245369;0,123036235570908;0,0982976257801056;0,062989354133606;0,0496503971517086;0,00180724391248077;1;NULL;NULL
0,159849345684052;0,0728071928024292;0,433120727539063;0,0656149014830589;0,0639814957976341;0,0656149014830589;0,0940820276737213;0,00778334960341454;0,0521866977214813;0,00176055415067822;1;NULL;NULL
1,49477458000183;1,30745577812195;2,77400779724121;1,1172194480896;0,810166656970978;1,1172194480896;0,199046418070793;1,04813361167908;0,112832196056843;0,161431699991226;1;NULL;NULL
1,11404323577881;1,1680760383606;3,15538597106934;0,91349583864212;1,0844452381134;0,91349583864212;-0,058981079608202;0,980024099349976;0,0627913102507591;0,157907530665398;1;NULL;NULL
2,58178925514221;4,09649753570557;7,94729995727539;1,14012682437897;1,11193418502808;1,14012682437897;0,283276379108429;2,43133354187012;0,103600770235062;0,288322567939758;1;NULL;NULL
2,7635018825531;2,55521154403687;5,00877666473389;1,13809502124786;1,97629523277283;1,13809502124786;-0,0875807777047157;3,93876767158508;-0,153612598776817;0,638389527797699;1;NULL;NULL
2,70418500900269;1,06609201431274;4,19086265563965;0,636163055896759;1,30892491340637;0,636163055896759;0,275800764560699;1,87006664276123;0,0707466378808022;0,114875420928001;1;NULL;NULL
1,66413521766663;2,37087345123291;2,80060148239136;1,75251924991608;0,855370700359344;1,75251924991608;-0,0174291450530291;1,19470703601837;0,422409147024155;0,329781860113144;1;NULL;NULL
1,75157284736633;2,76959657669067;2,37092304229736;1,43975627422333;0,531293392181396;1,43975627422333;0,170905649662018;0,444315433502197;0,0704894512891769;0,0632647350430489;1;NULL;NULL
3,21424531936646;2,3016414642334;3,20707321166992;0,537548124790192;0,302484542131424;0,537548124790192;-0,0406323447823524;0,629645824432373;-0,0646246522665024;0,0540887229144573;1;NULL;NULL
4,39738464355469;4,82427024841309;3,29050636291504;0,576338052749634;0,312563806772232;0,576338052749634;-0,140983149409294;2,36174368858337;-0,0462901182472706;0,0495723560452461;1;NULL;NULL
3,26485538482666;2,49901938438416;3,55200672149658;0,772120356559753;0,277439057826996;0,772120356559753;-0,0443034581840038;2,38462901115417;-0,247887223958969;0,376062333583832;1;NULL;NULL
3,54046273231506;5,6751389503479;3,51191520690918;0,74951833486557;0,297995984554291;0,74951833486557;0,21748323738575;1,43972742557526;-0,107258781790733;0,126678720116615;1;NULL;NULL
3,69643068313599;6,13690900802612;3,39889240264893;0,419345736503601;0,197508662939072;0,419345736503601;-0,18917353451252;2,22236037254334;-0,0641781166195869;0,0542660839855671;1;NULL;NULL
3,09615015983582;2,89343309402466;3,75207996368408;0,590998828411102;0,236909478902817;0,590998828411102;-0,136492565274239;1,6611305475235;-0,0828834399580956;0,0765198022127151;1;NULL;NULL
3,00536322593689;2,08423686027527;2,78555107116699;0,650558173656464;0,272246718406677;0,650558173656464;0,0034144870005548;1,07304644584656;-0,203782185912132;0,246942445635796;1;NULL;NULL
3,97204160690308;2,25499582290649;6,45760917663574;0,737938523292542;0,277439057826996;0,737938523292542;0,134440198540688;2,386887550354;0,0026248823851347;0,0842138528823853;1;NULL;NULL
4,53982400894165;4,72836923599243;6,99843502044678;1,1530214548111;0,957119584083557;1,1530214548111;0,138997495174408;3,38711667060852;0,186427503824234;0,235454142093658;1;NULL;NULL
3,12105345726013;2,87631154060364;4,37638282775879;1,08552086353302;0,292192757129669;1,08552086353302;0,338569760322571;1,72643065452576;0,180376932024956;0,184500277042389;1;NULL;NULL
3,46322202682495;2,34474682807922;3,98821258544922;0,972816228866577;0,264000028371811;0,972816228866577;0,327152252197266;1,78801536560059;-0,0078037828207016;0,252265840768814;1;NULL;NULL
3,0998809337616;2,21401715278625;4,70216083526611;0,972205340862274;0,275301039218903;0,972205340862274;0,0161837376654148;2,14809608459473;-0,0712452158331871;0,276146292686462;1;NULL;NULL
3,75997829437256;2,33723163604736;4,34085464477539;0,860695838928223;0,246988743543625;0,860695838928223;0,290670901536942;1,66751837730408;0,0726917311549187;0,134364888072014;1;NULL;NULL
3,75997829437256;2,33723163604736;4,34085464477539;0,860695838928223;0,246988743543625;0,860695838928223;0,290670901536942;1,66751837730408;0,0726917311549187;0,134364888072014;1;NULL;NULL
2,87121105194092;3,11442685127258;3,28124237060547;0,740992844104767;0,251875668764114;0,740992844104767;0,0320087000727654;1,65381515026093;0,0456774570047855;0,093923918902874;1;NULL;NULL
3,67923355102539;2,66729378700256;5,06680011749268;0,834760665893555;0,28415858745575;0,834760665893555;0,0821640267968178;1,92269253730774;0,0254718009382486;0,148909658193588;1;NULL;NULL
3,26421022415161;4,56689167022705;4,68405818939209;0,757154166698456;0,301050305366516;0,757154166698456;-0,101352393627167;2,45846390724182;-0,280966281890869;0,466413408517838;1;NULL;NULL
3,92615652084351;1,9609808921814;4,20587635040283;0,871107161045074;0,274172246456146;0,871107161045074;0,241018116474152;1,42678844928741;0,197732895612717;0,0987068042159081;1;NULL;NULL
2,61409473419189;1,84933042526245;2,64146518707275;0,475266426801682;0,276921153068542;0,475266426801682;-0,0324933342635632;0,804618716239929;0,11235336214304;0,0269561447203159;1;NULL;NULL
3,47321033477783;3,78675436973572;3,53763389587402;0,667078137397766;0,261344075202942;0,667078137397766;-0,0392205417156219;1,32905447483063;0,116098575294018;0,0448504760861397;1;NULL;NULL
2,65913844108582;1,50284588336945;2,61999893188477;0,348179906606674;0,182237029075623;0,348179906606674;0,0997468233108521;0,660893023014069;-0,0579680539667606;0,0369258411228657;1;NULL;NULL
3,59018659591675;4,59590435028076;3,26302719116211;0,711060464382172;0,218795999884605;0,711060464382172;0,380267828702927;1,24662244319916;0,180436745285988;0,0681787505745888;1;NULL;NULL
3,66241335868835;2,68099474906921;4,08974647521973;0,268462002277374;0,30288290977478;0,268462002277374;-0,20965950191021;2,58057689666748;-0,0217076987028122;0,014593118801713;1;NULL;NULL
1,61230063438416;2,53487229347229;1,62992382049561;0,180829390883446;0,119623333215714;0,180829390883446;0,0496728159487247;0,310562789440155;0,0257705748081207;0,00251003308221698;1;NULL;NULL
2,32767820358276;1,54071044921875;2,95212459564209;0,394021362066269;0,181931599974632;0,394021362066269;0,0632628053426743;0,809250891208649;0,0584225654602051;0,0103565137833357;1;NULL;NULL
2,58513641357422;6,08411884307861;2,41316032409668;0,659747779369354;0,248728409409523;0,659747779369354;0,125055894255638;1,20349812507629;0,0843916237354279;0,02831762842834;1;NULL;NULL
2,68924331665039;4,26369714736938;2,36508560180664;0,401046305894852;0,167576268315315;0,401046305894852;-0,0291662886738777;1,03960466384888;0,0223515629768372;0,0102864950895309;1;NULL;NULL
1,98555040359497;3,45251727104187;2,01678419113159;0,56811797618866;0,304622560739517;0,56811797618866;0,0678238794207573;0,630469858646393;0,0717210546135902;0,0413412824273109;1;NULL;NULL
4,40007877349854;2,47666144371033;4,9050989151001;0,786170244216919;0,27377387881279;0,786170244216919;-0,12263597548008;2,45997262001038;-0,304820537567139;0,526714682579041;1;NULL;NULL
3,44351363182068;2,20769882202148;4,93129920959473;0,840537250041962;0,309509485960007;0,840537250041962;0,0342881754040718;2,12653303146362;-0,17200194299221;0,216356500983238;1;NULL;NULL
4,00699043273926;2,39908289909363;4,00045490264893;0,427897840738297;0,238742053508759;0,427897840738297;-0,0468982048332691;2,24710130691528;-0,00340127968229353;0,0534544810652733;1;NULL;NULL
4,16115856170654;2,79678082466125;4,98470115661621;0,663718402385712;0,327622950077057;0,663718402385712;0,0576571114361286;2,32703280448914;0,00227670720778406;0,0969304963946342;1;NULL;NULL
2,76917839050293;3,31484389305115;3,98964309692383;0,474655568599701;0,280586332082748;0,474655568599701;0,117035962641239;1,50593483448029;0,0457135140895844;0,0261038225144148;1;NULL;NULL
3,52714014053345;2,33847618103027;5,24829864501953;0,717779934406281;0,291581898927689;0,717779934406281;-0,0335690900683403;1,02454614639282;0,136052489280701;0,0451125577092171;1;NULL;NULL
3,77701330184937;2,62570285797119;6,93248176574707;0,798414170742035;0,315711081027985;0,798414170742035;0,300751000642776;1,37490296363831;0,176362872123718;0,0615146942436695;1;NULL;NULL
3,85635614395142;2,88635087013245;4,44380474090576;0,924531221389771;0,368245482444763;0,924531221389771;0,031139587983489;2,22322773933411;0,0847520381212235;0,0788049623370171;1;NULL;NULL
4,73804330825806;3,04717421531677;4,32924556732178;1,12522709369659;0,366412907838821;1,12522709369659;-0,116277426481247;2,61946249008179;-0,066343642771244;0,40422785282135;1;NULL;NULL
3,59145331382751;2,81030631065369;5,23707675933838;1,21410799026489;0,388098627328873;1,21410799026489;0,0217943377792835;2,50771069526672;-0,0350843742489815;0,285829395055771;1;NULL;NULL
